問題番号,解くことができるか,拡張項目
1,解くことができる,
2,拡張をすれば解くことができる,インデックスアクセス
3,拡張をすれば解くことができる,if式
4,解くことができない(filterを使わない),
5,拡張をすれば解くことができる,if式
6,解くことができる(filterを使わない),
7,拡張をすれば解くことができる,インデックスアクセス
8,拡張をすれば解くことができる,if式
9,拡張をすれば解くことができる,整数列の生成
10,解くことができる,
11,解くことができない(filterを使わない),
12,解くことができない(filterを使わない),
13,解くことができる(filterを使わない),
14,解くことができない(filterを使わない),
15,解くことができる(filterを使わない),
16,解くことができない(filterを使わない),
17,解くことができない(filterを使わない),
18,解くことができない(filterを使わない),
19,解くことができない(filterを使わない),
20,解くことができない(filterを使わない),
21,拡張をすれば解くことができる,
22,解くことができない(filterを使わない),
23,拡張をすれば解くことができる,整数列の生成
24,解くことができない(filterを使わない),
25,解くことができない(filterを使わない),
26,拡張をすれば解くことができる,整数列の生成
27,拡張をすれば解くことができる,整数列の生成
28,解き方がわからない,
29,解くことができない(filterを使わない),
30,解くことができる,
